Epoch,Date,Time
465,2023-03-02,04:02:29 AM
464,2023-02-28,08:45:41 PM
463,2023-02-27,08:45:40 PM
462,2023-02-26,08:45:39 PM
461,2023-02-25,08:45:38 PM
460,2023-02-24,08:45:37 PM
459,2023-02-23,08:45:36 PM
458,2023-02-22,08:45:35 PM
457,2023-02-21,08:45:34 PM
456,2023-02-20,08:45:33 PM
455,2023-02-19,08:45:32 PM
454,2023-02-18,08:45:31 PM
453,2023-02-17,08:45:30 PM
452,2023-02-16,08:45:29 PM
451,2023-02-15,08:45:28 PM
450,2023-02-14,08:45:27 PM
449,,
448,2023-02-06,02:26:58 AM
447,2023-02-04,06:58:39 AM
446,2023-02-03,06:58:38 AM
445,2023-02-02,06:58:37 AM
444,2023-02-01,06:58:36 AM
443,2023-01-31,06:58:35 AM
442,2023-01-30,06:58:34 AM
441,2023-01-29,06:58:33 AM
440,2023-01-28,06:58:32 AM
439,2023-01-27,06:58:31 AM
438,2023-01-26,06:58:30 AM
437,2023-01-25,06:58:29 AM
436,2023-01-24,06:58:28 AM
435,2023-01-23,06:58:27 AM
434,2023-01-22,06:58:17 AM
433,2023-01-21,06:58:14 AM
432,2023-01-20,06:58:13 AM
431,2023-01-19,06:58:12 AM
430,2023-01-18,06:58:11 AM
429,2023-01-17,06:58:10 AM
428,2023-01-16,06:58:09 AM
427,2023-01-15,06:58:08 AM
426,2023-01-14,06:58:07 AM
425,2023-01-13,06:58:06 AM
424,2023-01-12,06:58:05 AM
423,2023-01-11,06:58:04 AM
422,2023-01-10,06:58:03 AM
421,2023-01-07,01:24:49 AM
420,2023-01-06,01:24:48 AM
419,2023-01-05,01:24:47 AM
418,2023-01-04,01:24:46 AM
417,2023-01-03,01:24:45 AM
416,2023-01-02,01:24:44 AM
415,2023-01-01,01:24:43 AM
414,2022-12-31,01:24:38 AM
413,2022-12-30,01:24:28 AM
412,2022-12-29,01:24:27 AM
411,2022-12-28,01:24:26 AM
410,2022-12-27,01:24:25 AM
409,2022-12-26,01:24:24 AM
408,2022-12-25,01:24:19 AM
407,2022-12-24,01:24:17 AM
406,2022-12-23,01:24:16 AM
405,2022-12-22,01:24:15 AM
404,2022-12-21,01:23:31 AM
403,2022-12-20,01:23:30 AM
402,2022-12-19,01:23:29 AM
401,2022-12-18,01:23:28 AM
400,2022-12-17,01:23:27 AM
399,2022-12-16,01:23:26 AM
398,2022-12-15,01:23:25 AM
397,2022-12-14,01:23:24 AM
396,2022-12-13,01:23:14 AM
395,2022-12-12,01:23:10 AM
394,2022-12-11,01:23:09 AM
393,2022-12-10,01:23:08 AM
392,2022-12-09,01:23:06 AM
391,2022-12-08,01:23:05 AM
390,2022-12-07,01:23:03 AM
389,2022-12-06,01:23:02 AM
388,2022-12-05,01:23:01 AM
387,2022-12-04,01:23:00 AM
386,2022-12-03,01:22:57 AM
385,2022-12-02,01:22:56 AM
384,2022-12-01,01:22:55 AM
383,2022-11-30,01:22:50 AM
382,2022-11-29,01:22:49 AM
381,2022-11-28,01:22:48 AM
380,2022-11-27,01:22:47 AM
379,2022-11-26,01:22:46 AM
378,2022-11-25,01:21:44 AM
377,2022-11-24,01:21:43 AM
376,2022-11-23,01:21:42 AM
375,2022-11-22,01:21:41 AM
374,2022-11-21,01:21:40 AM
373,2022-11-19,11:44:26 PM
372,2022-11-18,11:44:25 PM
371,2022-11-13,08:01:55 PM
370,2022-11-12,08:01:54 PM
369,2022-11-11,08:01:53 PM
368,2022-11-10,08:01:48 PM
367,2022-11-09,08:01:25 PM
366,2022-11-08,08:01:24 PM
365,2022-11-07,08:01:23 PM
364,2022-11-06,08:01:22 PM
363,2022-11-05,08:01:21 PM
362,2022-11-04,08:01:20 PM
361,2022-11-03,07:34:51 PM
360,2022-11-02,07:34:50 PM
359,2022-11-01,07:34:49 PM
358,,
357,2022-10-24,07:16:07 AM
356,2022-10-23,07:16:06 AM
355,2022-10-22,02:34:21 AM
354,2022-10-21,02:34:20 AM
353,2022-10-20,02:34:19 AM
352,2022-10-19,02:34:18 AM
351,2022-10-18,02:34:10 AM
350,2022-10-17,02:34:09 AM
349,2022-10-16,02:34:08 AM
348,2022-10-15,02:34:07 AM
347,2022-10-14,02:34:06 AM
346,2022-10-13,02:34:05 AM
345,2022-10-12,02:34:04 AM
344,2022-10-11,02:34:03 AM
343,2022-10-10,02:34:02 AM
342,2022-10-09,02:34:01 AM
341,2022-10-08,02:34:00 AM
340,2022-10-07,02:33:59 AM
339,2022-10-06,02:33:58 AM
338,2022-10-05,02:33:57 AM
337,2022-10-04,02:33:56 AM
336,2022-10-03,02:33:55 AM
335,2022-10-02,02:33:54 AM
334,2022-10-01,02:33:53 AM
333,2022-09-30,02:33:52 AM
332,2022-09-29,02:33:51 AM
331,2022-09-28,02:33:50 AM
330,2022-09-27,02:33:48 AM
329,2022-09-26,02:33:47 AM
328,2022-09-25,02:33:46 AM
327,2022-09-24,02:33:45 AM
326,2022-09-23,02:33:44 AM
325,2022-09-22,02:33:43 AM
324,2022-09-21,02:33:42 AM
323,2022-09-20,02:33:41 AM
322,2022-09-19,02:33:40 AM
321,2022-09-18,02:33:39 AM
320,2022-09-17,02:33:38 AM
319,2022-09-16,02:33:37 AM
318,2022-09-15,02:33:36 AM
317,2022-09-14,02:33:35 AM
316,2022-09-13,02:33:34 AM
315,2022-09-12,02:33:32 AM
314,2022-09-11,02:33:31 AM
313,2022-09-10,02:33:30 AM
312,2022-09-09,02:33:29 AM
311,2022-09-08,02:33:28 AM
310,2022-09-07,02:33:23 AM
309,2022-09-06,02:33:22 AM
308,2022-09-05,02:33:21 AM
307,2022-09-04,02:33:20 AM
306,2022-09-03,02:33:19 AM
305,2022-09-02,02:33:18 AM
304,2022-09-01,02:33:15 AM
303,2022-08-31,02:33:14 AM
302,2022-08-30,02:33:13 AM
301,2022-08-29,02:33:12 AM
300,2022-08-28,02:33:11 AM
299,2022-08-27,02:33:10 AM
298,2022-08-26,02:33:09 AM
297,2022-08-25,02:33:08 AM
296,2022-08-25,02:32:13 AM
295,2022-08-24,02:32:12 AM
294,2022-08-23,02:32:11 AM
293,2022-08-22,02:32:10 AM
292,2022-08-21,02:32:09 AM
291,2022-08-21,02:30:55 AM
290,2022-08-19,06:12:20 PM
289,2022-08-18,04:49:41 PM
288,,
287,,
286,2022-08-16,05:50:32 PM
285,2022-08-15,05:50:31 PM
284,2022-08-14,05:50:30 PM
283,2022-08-13,05:50:29 PM
282,2022-08-12,05:50:28 PM
281,2022-08-11,05:50:27 PM
280,2022-08-10,05:50:26 PM
279,2022-08-09,05:50:25 PM
278,2022-08-08,05:50:24 PM
277,2022-08-07,05:50:23 PM
276,2022-08-06,05:50:22 PM
275,2022-08-05,05:50:21 PM
274,2022-08-04,05:49:59 PM
273,2022-08-03,05:49:58 PM
272,2022-08-02,05:49:57 PM
271,2022-08-01,05:49:56 PM
270,2022-07-31,05:49:55 PM
269,2022-07-30,05:49:54 PM
268,2022-07-29,05:49:53 PM
267,2022-07-28,05:49:52 PM
266,2022-07-27,05:49:51 PM
265,2022-07-26,05:49:50 PM
264,2022-07-25,05:49:49 PM
263,2022-07-24,05:49:48 PM
262,2022-07-23,05:49:47 PM
261,2022-07-22,05:49:46 PM
260,2022-07-21,05:49:45 PM
259,2022-07-20,05:49:44 PM
258,2022-07-19,05:49:43 PM
257,2022-07-18,05:49:42 PM
256,2022-07-17,05:49:41 PM
255,2022-07-16,05:49:40 PM
254,2022-07-15,05:49:39 PM
253,2022-07-14,05:49:38 PM
252,2022-07-13,05:49:37 PM
251,2022-07-12,05:49:36 PM
250,2022-07-11,05:49:35 PM
249,2022-07-10,05:49:34 PM
248,2022-07-09,05:49:33 PM
247,2022-07-08,05:49:32 PM
246,2022-07-07,05:49:31 PM
245,2022-07-06,05:49:30 PM
244,2022-07-05,05:49:29 PM
243,2022-07-04,05:49:28 PM
242,2022-07-03,05:49:27 PM
241,2022-07-02,05:49:26 PM
240,2022-07-01,05:49:25 PM
239,2022-06-30,05:49:24 PM
238,2022-06-29,05:49:23 PM
237,2022-06-28,05:49:22 PM
236,2022-06-27,05:49:21 PM
235,2022-06-26,05:49:20 PM
234,2022-06-25,05:49:19 PM
233,2022-06-24,05:49:18 PM
232,2022-06-23,05:49:17 PM
231,2022-06-22,05:49:16 PM
230,2022-06-21,05:49:15 PM
229,2022-06-20,05:49:14 PM
228,2022-06-19,05:49:13 PM
227,2022-06-18,05:49:12 PM
226,2022-06-17,05:49:11 PM
225,2022-06-16,05:49:10 PM
224,2022-06-15,05:48:31 PM
223,2022-06-14,05:48:30 PM
222,2022-06-13,05:48:29 PM
221,2022-06-12,05:48:28 PM
220,2022-06-11,05:48:27 PM
219,2022-06-10,05:48:19 PM
218,2022-06-09,05:48:18 PM
217,2022-06-08,05:48:17 PM
216,2022-06-07,05:48:16 PM
215,2022-06-06,05:48:14 PM
214,2022-06-05,05:48:12 PM
213,2022-06-04,05:48:11 PM
212,2022-06-03,05:48:10 PM
211,2022-06-02,05:48:09 PM
210,2022-06-01,05:48:08 PM
209,2022-05-31,05:48:07 PM
208,2022-05-30,05:48:06 PM
207,2022-05-29,05:48:05 PM
206,2022-05-28,05:48:04 PM
205,2022-05-27,05:48:03 PM
204,2022-05-26,05:48:02 PM
203,2022-05-26,05:47:14 PM
202,2022-05-25,05:47:13 PM
201,2022-05-24,05:47:12 PM
200,2022-05-23,05:47:11 PM
199,2022-05-22,05:47:10 PM
198,2022-05-21,05:47:09 PM
197,2022-05-20,05:47:08 PM
196,2022-05-19,05:47:06 PM
195,2022-05-18,05:47:05 PM
194,2022-05-17,05:47:04 PM
193,2022-05-16,05:47:03 PM
192,2022-05-15,05:47:02 PM
191,2022-05-14,05:47:01 PM
190,2022-05-13,05:47:00 PM
189,2022-05-12,05:46:59 PM
188,2022-05-11,05:46:58 PM
187,2022-05-10,05:46:57 PM
186,2022-05-09,05:46:56 PM
185,2022-05-08,05:46:55 PM
184,2022-05-07,05:46:54 PM
183,2022-05-06,05:46:53 PM
182,2022-05-05,05:46:52 PM
181,2022-05-04,05:46:51 PM
180,2022-05-03,05:46:50 PM
179,2022-05-02,05:46:49 PM
178,2022-05-01,05:46:48 PM
177,,
176,2022-04-30,05:46:47 PM
175,2022-04-29,05:46:46 PM
174,2022-04-28,05:46:45 PM
173,2022-04-27,05:46:18 PM
172,2022-04-26,05:46:17 PM
171,,
170,,
169,,
168,,
167,2022-04-11,12:44:58 PM
166,2022-04-09,04:21:11 PM
165,2022-04-08,01:48:54 PM
164,2022-04-07,01:48:53 PM
163,2022-04-06,01:48:52 PM
162,2022-04-05,01:48:51 PM
161,2022-04-04,01:48:50 PM
160,2022-04-03,01:48:36 PM
159,2022-04-02,01:48:35 PM
158,2022-04-01,01:48:34 PM
157,2022-03-31,01:48:33 PM
156,2022-03-30,01:48:19 PM
155,2022-03-29,01:48:18 PM
154,2022-03-28,01:48:17 PM
153,2022-03-27,01:48:16 PM
152,2022-03-26,01:48:15 PM
151,2022-03-25,01:48:14 PM
150,2022-03-24,01:48:13 PM
149,2022-03-23,01:48:12 PM
148,2022-03-22,01:48:11 PM
147,2022-03-21,01:48:10 PM
146,2022-03-20,01:48:09 PM
145,2022-03-19,01:48:08 PM
144,2022-03-18,01:48:07 PM
143,2022-03-17,01:48:06 PM
142,2022-03-16,01:48:05 PM
141,2022-03-15,01:48:04 PM
140,2022-03-14,01:48:03 PM
139,2022-03-13,01:48:02 PM
138,2022-03-12,01:48:01 PM
137,2022-03-11,01:48:00 PM
136,2022-03-10,01:47:59 PM
135,2022-03-09,01:47:58 PM
134,2022-03-08,01:47:57 PM
133,2022-03-07,01:47:56 PM
132,2022-03-06,01:47:55 PM
131,2022-03-05,01:47:54 PM
130,2022-03-04,01:47:53 PM
129,2022-03-03,01:47:52 PM
128,2022-03-02,01:47:51 PM
127,2022-03-01,01:47:50 PM
126,2022-02-28,01:47:49 PM
125,2022-02-27,01:47:48 PM
124,2022-02-26,01:47:47 PM
123,2022-02-25,01:47:46 PM
122,2022-02-24,01:47:45 PM
121,2022-02-23,01:47:44 PM
120,2022-02-22,01:47:43 PM
119,2022-02-21,01:47:42 PM
118,2022-02-20,01:47:41 PM
117,2022-02-19,01:47:40 PM
116,2022-02-18,01:47:39 PM
115,2022-02-17,01:47:35 PM
114,2022-02-16,01:47:34 PM
113,2022-02-15,01:47:33 PM
112,2022-02-14,01:47:32 PM
111,2022-02-13,01:47:30 PM
110,2022-02-12,01:47:29 PM
109,2022-02-11,01:47:28 PM
108,2022-02-10,01:47:27 PM
107,2022-02-09,01:47:26 PM
106,2022-02-08,01:47:25 PM
105,2022-02-07,01:47:24 PM
104,2022-02-06,01:47:23 PM
103,2022-02-05,01:47:22 PM
102,2022-02-04,01:47:21 PM
101,2022-02-03,01:47:20 PM
100,2022-02-02,01:47:19 PM
99,2022-02-01,01:47:18 PM
98,2022-01-31,01:47:16 PM
97,2022-01-30,01:47:15 PM
96,2022-01-29,01:47:14 PM
95,2022-01-28,01:47:13 PM
94,2022-01-27,01:47:12 PM
93,2022-01-26,01:47:11 PM
92,2022-01-25,01:47:10 PM
91,2022-01-24,01:47:09 PM
90,2022-01-23,01:47:08 PM
89,2022-01-22,01:47:07 PM
88,2022-01-21,01:47:06 PM
87,2022-01-20,01:47:05 PM
86,2022-01-19,01:47:04 PM
85,2022-01-18,01:47:03 PM
84,2022-01-17,01:47:02 PM
83,2022-01-16,01:47:01 PM
82,2022-01-15,01:47:00 PM
81,2022-01-14,01:46:59 PM
80,2022-01-13,01:46:48 PM
79,2022-01-12,01:46:47 PM
78,2022-01-11,01:46:46 PM
77,2022-01-10,01:46:45 PM
76,2022-01-09,01:46:44 PM
75,2022-01-08,01:46:43 PM
74,2022-01-07,01:46:42 PM
73,2022-01-06,01:46:41 PM
72,2022-01-05,01:46:40 PM
71,2022-01-04,01:46:39 PM
70,2022-01-03,01:46:38 PM
69,2022-01-02,01:46:37 PM
68,2022-01-01,01:46:36 PM
67,2021-12-31,01:46:35 PM
66,2021-12-30,01:46:34 PM
65,2021-12-29,01:46:33 PM
64,2021-12-28,01:46:31 PM
63,2021-12-27,01:46:30 PM
62,2021-12-26,10:21:40 AM
61,2021-12-25,10:21:39 AM
60,2021-12-24,10:21:38 AM
59,2021-12-23,10:21:31 AM
58,2021-12-22,10:21:30 AM
57,2021-12-21,10:21:29 AM
56,2021-12-20,10:21:28 AM
55,2021-12-19,10:21:27 AM
54,2021-12-18,10:21:26 AM
53,2021-12-17,10:21:25 AM
52,2021-12-16,09:38:14 AM
51,2021-12-15,09:35:57 AM
50,2021-12-14,09:35:56 AM
49,2021-12-13,09:35:55 AM
48,2021-12-12,09:35:54 AM
47,2021-12-11,09:35:32 AM
46,2021-12-10,09:35:31 AM
45,2021-12-09,09:35:30 AM
44,2021-12-08,09:35:29 AM
43,2021-12-07,09:35:28 AM
42,2021-12-06,09:35:27 AM
41,2021-12-05,09:35:24 AM
40,2021-12-04,09:35:23 AM
39,2021-12-03,09:35:22 AM
38,2021-12-02,09:35:21 AM
37,2021-12-01,09:35:20 AM
36,2021-11-30,09:35:19 AM
35,2021-11-29,09:35:17 AM
34,2021-11-28,09:35:16 AM
33,2021-11-27,09:35:15 AM
32,2021-11-26,09:35:14 AM
31,2021-11-25,09:35:13 AM
30,2021-11-24,09:35:12 AM
29,2021-11-23,09:35:11 AM
28,2021-11-22,09:35:08 AM
27,2021-11-21,09:35:07 AM
26,2021-11-20,09:35:06 AM
25,2021-11-19,09:35:01 AM
24,2021-11-18,09:35:00 AM
23,2021-11-17,09:34:59 AM
22,2021-11-16,09:34:58 AM
21,2021-11-15,09:34:57 AM
20,2021-11-14,09:34:56 AM
19,2021-11-13,09:34:55 AM
18,2021-11-12,09:34:54 AM
17,2021-11-11,09:34:53 AM
16,2021-11-10,09:34:52 AM
15,2021-11-09,09:34:51 AM
14,2021-11-08,09:34:50 AM
13,2021-11-07,09:34:49 AM
12,2021-11-06,09:34:48 AM
11,2021-11-05,09:34:47 AM
10,2021-11-04,09:34:46 AM
9,2021-11-03,09:34:45 AM
8,2021-11-02,09:34:44 AM
7,2021-11-01,09:34:43 AM
6,2021-10-31,09:34:42 AM
5,2021-10-30,09:34:40 AM
4,2021-10-29,09:34:38 AM
3,2021-10-28,09:34:37 AM
2,2021-10-27,09:34:36 AM
1,,
